timestamp,total_energy
2023-01-01 00:00:00,101.52358539877216
2023-01-01 01:00:00,100.35037231361119
2023-01-01 02:00:00,114.49955691489653
2023-01-01 03:00:00,119.96460396672009
2023-01-01 04:00:00,109.05575479418133
2023-01-01 05:00:00,114.66673506309891
2023-01-01 06:00:00,122.86441135539958
2023-01-01 07:00:00,120.32549401508867
2023-01-01 08:00:00,120.18405403227638
2023-01-01 09:00:00,113.17970660541472
2023-01-01 10:00:00,118.0504001179781
2023-01-01 11:00:00,113.06426082239257
2023-01-01 12:00:00,104.66899087898167
2023-01-01 13:00:00,105.13251141552038
2023-01-01 14:00:00,97.33754671126023
2023-01-01 15:00:00,86.88172282700624
2023-01-01 16:00:00,90.15644642535995
2023-01-01 17:00:00,81.82527232580865
2023-01-01 18:00:00,90.6271495251237
2023-01-01 19:00:00,86.95472803206857
2023-01-01 20:00:00,88.55690748429413
2023-01-01 21:00:00,89.52428446611482
2023-01-01 22:00:00,103.44322541166841
2023-01-01 23:00:00,101.63068891906009
2023-01-02 00:00:00,105.67667571386477
2023-01-02 01:00:00,111.46169094727595
2023-01-02 02:00:00,120.92393367092669
2023-01-02 03:00:00,124.43659793783418
2023-01-02 04:00:00,128.0444251715131
2023-01-02 05:00:00,130.3137754758669
2023-01-02 06:00:00,139.71792668337648
2023-01-02 07:00:00,126.45206400255806
2023-01-02 08:00:00,124.06803191677314
2023-01-02 09:00:00,119.51210528557523
2023-01-02 10:00:00,122.63562517073889
2023-01-02 11:00:00,120.48050062854554
2023-01-02 12:00:00,109.17954183354387
2023-01-02 13:00:00,100.44850144546984
2023-01-02 14:00:00,95.7659021837951
2023-01-02 15:00:00,99.04795041432499
2023-01-02 16:00:00,96.36780075214024
2023-01-02 17:00:00,93.39026186362862
2023-01-02 18:00:00,86.67245146355653
2023-01-02 19:00:00,91.83529713743621
2023-01-02 20:00:00,93.23495894182666
2023-01-02 21:00:00,96.88842945884653
2023-01-02 22:00:00,104.24545215199221
2023-01-02 23:00:00,105.76726157415587
2023-01-03 00:00:00,113.1438469371777
2023-01-03 01:00:00,115.17353451238554
2023-01-03 02:00:00,121.00132505131134
2023-01-03 03:00:00,126.73741005600732
2023-01-03 04:00:00,119.34346646285249
2023-01-03 05:00:00,126.88578300269461
2023-01-03 06:00:00,126.6578254075602
2023-01-03 07:00:00,124.96528121961076
2023-01-03 08:00:00,124.60505085739976
2023-01-03 09:00:00,130.08408417218578
2023-01-03 10:00:00,113.93323216469373
2023-01-03 11:00:00,118.06375047267451
2023-01-03 12:00:00,99.40396596660132
2023-01-03 13:00:00,100.72891117947525
2023-01-03 14:00:00,98.14428404382332
2023-01-03 15:00:00,95.86004384493091
2023-01-03 16:00:00,93.03735220098473
2023-01-03 17:00:00,91.17109376299948
2023-01-03 18:00:00,84.49127265734515
2023-01-03 19:00:00,84.30792636663081
2023-01-03 20:00:00,92.60257191123321
2023-01-03 21:00:00,90.22166351701432
2023-01-03 22:00:00,88.62156838331039
2023-01-03 23:00:00,93.82986931066284
2023-01-04 00:00:00,99.74157596116751
2023-01-04 01:00:00,111.66110486551659
2023-01-04 02:00:00,114.36553892401673
2023-01-04 03:00:00,120.89735301362147
2023-01-04 04:00:00,118.13179658811512
2023-01-04 05:00:00,122.69940543219015
2023-01-04 06:00:00,125.35316130939984
2023-01-04 07:00:00,119.63089989880933
2023-01-04 08:00:00,121.09480692523756
2023-01-04 09:00:00,111.95215067943082
2023-01-04 10:00:00,108.93203170303896
2023-01-04 11:00:00,103.64160337482201
2023-01-04 12:00:00,94.02080177205481
2023-01-04 13:00:00,96.88456955911423
2023-01-04 14:00:00,86.90568736312217
2023-01-04 15:00:00,84.80069020887447
2023-01-04 16:00:00,83.59280255707905
2023-01-04 17:00:00,81.05502328273921
2023-01-04 18:00:00,81.10171620530079
2023-01-04 19:00:00,77.60086560064629
2023-01-04 20:00:00,77.6154486199814
2023-01-04 21:00:00,82.15648270218536
2023-01-04 22:00:00,77.9099175865459
2023-01-04 23:00:00,83.58913649263675
2023-01-05 00:00:00,89.0476645470524
2023-01-05 01:00:00,95.51746048131233
2023-01-05 02:00:00,106.99887113361716
2023-01-05 03:00:00,104.29441958177728
2023-01-05 04:00:00,109.79649472485563
2023-01-05 05:00:00,119.87645615897668
2023-01-05 06:00:00,111.98378212610554
2023-01-05 07:00:00,116.4832202553356
2023-01-05 08:00:00,105.85069229793018
2023-01-05 09:00:00,106.0438800225273
2023-01-05 10:00:00,97.91937100714884
2023-01-05 11:00:00,95.90149829109312
2023-01-05 12:00:00,96.38322586260671
2023-01-05 13:00:00,78.14103918432122
2023-01-05 14:00:00,83.90973047456932
2023-01-05 15:00:00,78.5793003956476
2023-01-05 16:00:00,71.04848810798289
2023-01-05 17:00:00,64.61004026723027
2023-01-05 18:00:00,71.35095885954516
2023-01-05 19:00:00,68.86839737019987
2023-01-05 20:00:00,74.53413549464271
2023-01-05 21:00:00,76.52829180080256
2023-01-05 22:00:00,88.45316639874316
2023-01-05 23:00:00,83.96758269769374
2023-01-06 00:00:00,85.13323341507234
2023-01-06 01:00:00,96.24709434449912
2023-01-06 02:00:00,101.21167515760752
2023-01-06 03:00:00,111.00095140100066
2023-01-06 04:00:00,111.52402633344984
2023-01-06 05:00:00,111.10986477364493
2023-01-06 06:00:00,117.3165144560978
2023-01-06 07:00:00,103.3816942062831
2023-01-06 08:00:00,104.14971244012827
2023-01-06 09:00:00,99.57213381777093
2023-01-06 10:00:00,98.16264272196989
2023-01-06 11:00:00,88.46728543193598
2023-01-06 12:00:00,93.42647561225374
2023-01-06 13:00:00,84.05324734956508
2023-01-06 14:00:00,73.09024046962534
2023-01-06 15:00:00,71.34113566714767
2023-01-06 16:00:00,74.93832367512016
2023-01-06 17:00:00,75.70649375499076
2023-01-06 18:00:00,80.97396577943474
2023-01-06 19:00:00,86.40964186920918
2023-01-06 20:00:00,76.09128505284681
2023-01-06 21:00:00,72.44293178382681
2023-01-06 22:00:00,71.07738085318354
2023-01-06 23:00:00,88.11619861200204
2023-01-07 00:00:00,88.11697969876803
2023-01-07 01:00:00,95.51987736969744
2023-01-07 02:00:00,99.6089972864026
2023-01-07 03:00:00,106.36711337978359
2023-01-07 04:00:00,115.84868185191779
2023-01-07 05:00:00,113.58088525022687
2023-01-07 06:00:00,112.97192779621923
2023-01-07 07:00:00,108.20204590591732
2023-01-07 08:00:00,103.3138927715308
2023-01-07 09:00:00,106.39027531321095
2023-01-07 10:00:00,104.73108724590841
2023-01-07 11:00:00,109.3433441872192
2023-01-07 12:00:00,96.31253521618893
2023-01-07 13:00:00,95.73839640986753
2023-01-07 14:00:00,83.85011176364033
2023-01-07 15:00:00,76.63035492463227
2023-01-07 16:00:00,74.90635636904031
2023-01-07 17:00:00,74.46716270051468
2023-01-07 18:00:00,88.41713932261267
2023-01-07 19:00:00,74.71543400646755
2023-01-07 20:00:00,85.38151528123112
2023-01-07 21:00:00,80.22358372480075
2023-01-07 22:00:00,93.91056412850702
2023-01-07 23:00:00,96.37446198571571
2023-01-08 00:00:00,99.21681051170953
2023-01-08 01:00:00,105.3464802141365
2023-01-08 02:00:00,107.47336245871732
2023-01-08 03:00:00,117.49214139217437
2023-01-08 04:00:00,116.53601333574657
2023-01-08 05:00:00,115.04960377857425
2023-01-08 06:00:00,115.83552146796504
2023-01-08 07:00:00,122.76964656541719
2023-01-08 08:00:00,128.16351610185004
2023-01-08 09:00:00,118.24488431114976
2023-01-08 10:00:00,113.06021861311457
2023-01-08 11:00:00,110.60443184326053
2023-01-08 12:00:00,110.86884609970967
2023-01-08 13:00:00,100.59321788749955
2023-01-08 14:00:00,92.94536384583135
2023-01-08 15:00:00,96.70962869172187
2023-01-08 16:00:00,90.45647469725557
2023-01-08 17:00:00,94.29846528993362
2023-01-08 18:00:00,87.15107020469686
2023-01-08 19:00:00,81.08201242839736
2023-01-08 20:00:00,82.6404233057921
2023-01-08 21:00:00,101.18357184929079
2023-01-08 22:00:00,105.94884732221479
2023-01-08 23:00:00,101.50574026299105
2023-01-09 00:00:00,105.90237821900031
2023-01-09 01:00:00,120.5295801609281
2023-01-09 02:00:00,112.72715933294239
2023-01-09 03:00:00,118.13574252123459
2023-01-09 04:00:00,129.19739608697833
2023-01-09 05:00:00,126.18664484652946
2023-01-09 06:00:00,128.98407934542382
2023-01-09 07:00:00,127.66692459185855
2023-01-09 08:00:00,128.31711830612545
2023-01-09 09:00:00,130.61837823338325
2023-01-09 10:00:00,120.00865259237015
2023-01-09 11:00:00,118.05533313132538
2023-01-09 12:00:00,99.49841861666323
2023-01-09 13:00:00,104.40569182063196
2023-01-09 14:00:00,95.67215691078697
2023-01-09 15:00:00,89.70092117308344
2023-01-09 16:00:00,88.26076806147927
2023-01-09 17:00:00,89.00387331859855
2023-01-09 18:00:00,94.57951271178007
2023-01-09 19:00:00,84.0425269334048
2023-01-09 20:00:00,92.80468735909511
2023-01-09 21:00:00,93.37413930853359
2023-01-09 22:00:00,98.2499427904414
2023-01-09 23:00:00,109.66307295680542
2023-01-10 00:00:00,112.43985630683783
2023-01-10 01:00:00,121.52262970215467
2023-01-10 02:00:00,118.7831996616118
2023-01-10 03:00:00,120.10125586846114
2023-01-10 04:00:00,125.50995147772835
2023-01-10 05:00:00,129.6966230408372
2023-01-10 06:00:00,129.89255547129272
2023-01-10 07:00:00,122.73773009966064
2023-01-10 08:00:00,126.43321102167259
2023-01-10 09:00:00,123.75051926670837
2023-01-10 10:00:00,130.84975793082958
2023-01-10 11:00:00,122.60658175612558
2023-01-10 12:00:00,103.55209807188632
2023-01-10 13:00:00,100.96641952165834
2023-01-10 14:00:00,90.01330870911316
2023-01-10 15:00:00,89.97539711831712
2023-01-10 16:00:00,91.05924431997214
2023-01-10 17:00:00,93.233625691441
2023-01-10 18:00:00,82.58947882986931
2023-01-10 19:00:00,83.34895312961466
2023-01-10 20:00:00,77.57624735625416
2023-01-10 21:00:00,90.36485553869778
2023-01-10 22:00:00,89.68792794070211
2023-01-10 23:00:00,96.84910824384976
2023-01-11 00:00:00,99.95453350033746
2023-01-11 01:00:00,108.70398837398503
2023-01-11 02:00:00,104.8647682868808
2023-01-11 03:00:00,110.1097000163277
2023-01-11 04:00:00,130.91429537993926
2023-01-11 05:00:00,115.4695940704364
2023-01-11 06:00:00,116.74128144728995
2023-01-11 07:00:00,130.36220023901708
2023-01-11 08:00:00,133.33626658365262
2023-01-11 09:00:00,109.40394724063748
2023-01-11 10:00:00,108.90605615192413
2023-01-11 11:00:00,107.25807059951609
2023-01-11 12:00:00,108.64348822202794
2023-01-11 13:00:00,89.51542176304524
2023-01-11 14:00:00,88.02630983442515
2023-01-11 15:00:00,88.6249074955447
2023-01-11 16:00:00,83.36289963488264
2023-01-11 17:00:00,76.94158704643898
2023-01-11 18:00:00,77.10567583785665
2023-01-11 19:00:00,71.21881398134347
2023-01-11 20:00:00,78.54107146032885
2023-01-11 21:00:00,81.22313630667252
2023-01-11 22:00:00,87.50743920446735
2023-01-11 23:00:00,88.04806276065702
2023-01-12 00:00:00,98.01885522155021
2023-01-12 01:00:00,105.56727370841892
2023-01-12 02:00:00,105.77714663834223
2023-01-12 03:00:00,110.58059690057364
2023-01-12 04:00:00,111.95308423294185
2023-01-12 05:00:00,113.38073663550337
2023-01-12 06:00:00,110.15731181369843
2023-01-12 07:00:00,114.37811372136673
2023-01-12 08:00:00,110.0323477059121
2023-01-12 09:00:00,117.5369093565185
2023-01-12 10:00:00,110.53625579407786
2023-01-12 11:00:00,99.5258964333784
2023-01-12 12:00:00,88.36639912684599
2023-01-12 13:00:00,81.21558394036578
2023-01-12 14:00:00,87.69332702228444
2023-01-12 15:00:00,78.70436850972203
2023-01-12 16:00:00,76.41995490342491
2023-01-12 17:00:00,63.11739960430161
2023-01-12 18:00:00,75.62750372876671
2023-01-12 19:00:00,73.78796260659067
2023-01-12 20:00:00,67.81860101579684
2023-01-12 21:00:00,74.06140703593563
2023-01-12 22:00:00,81.76285796392109
2023-01-12 23:00:00,85.42669482684016
2023-01-13 00:00:00,88.78986494916394
2023-01-13 01:00:00,94.83327482938756
2023-01-13 02:00:00,98.85180484671429
2023-01-13 03:00:00,104.96782608531079
2023-01-13 04:00:00,114.70592996884265
2023-01-13 05:00:00,96.49221727324087
2023-01-13 06:00:00,108.81574867745158
2023-01-13 07:00:00,110.20807158475962
2023-01-13 08:00:00,108.82844005231252
2023-01-13 09:00:00,102.34544061819204
2023-01-13 10:00:00,91.32808282535585
2023-01-13 11:00:00,96.99069358828824
2023-01-13 12:00:00,98.88747194900267
2023-01-13 13:00:00,77.49505381047831
2023-01-13 14:00:00,84.76341201062971
2023-01-13 15:00:00,74.77640495757092
2023-01-13 16:00:00,73.06413270872503
2023-01-13 17:00:00,66.25136836199911
2023-01-13 18:00:00,69.31803045919642
2023-01-13 19:00:00,78.34055251266734
2023-01-13 20:00:00,76.93251409640534
2023-01-13 21:00:00,86.05218041103582
2023-01-13 22:00:00,87.62467170172853
2023-01-13 23:00:00,88.97307469493069
2023-01-14 00:00:00,100.90135780615846
2023-01-14 01:00:00,99.79162946428734
2023-01-14 02:00:00,106.8094221656869
2023-01-14 03:00:00,105.58821304419195
2023-01-14 04:00:00,110.85150977727557
2023-01-14 05:00:00,109.30852329649879
2023-01-14 06:00:00,118.71302165438692
2023-01-14 07:00:00,107.48879655447206
2023-01-14 08:00:00,115.59905920714084
2023-01-14 09:00:00,107.86855957105183
2023-01-14 10:00:00,110.85623546733677
2023-01-14 11:00:00,104.25803956297611
2023-01-14 12:00:00,104.76439339705857
2023-01-14 13:00:00,94.47857231044564
2023-01-14 14:00:00,78.48638847806991
2023-01-14 15:00:00,82.22030789222632
2023-01-14 16:00:00,73.87190421722823
2023-01-14 17:00:00,75.50189381136208
2023-01-14 18:00:00,85.33093282682044
2023-01-14 19:00:00,82.01003645707794
2023-01-14 20:00:00,77.69441711965581
2023-01-14 21:00:00,79.66963278303396
2023-01-14 22:00:00,89.4166095285172
2023-01-14 23:00:00,88.36690640828046
2023-01-15 00:00:00,96.64429861301703
2023-01-15 01:00:00,107.1103402025697
2023-01-15 02:00:00,116.52386111639771
2023-01-15 03:00:00,118.30558774588613
2023-01-15 04:00:00,107.35448319446003
2023-01-15 05:00:00,122.69946624256171
2023-01-15 06:00:00,122.58537720572603
2023-01-15 07:00:00,123.97615840367004
2023-01-15 08:00:00,128.3491082280539
2023-01-15 09:00:00,107.12873485925887
2023-01-15 10:00:00,110.69789311770846
2023-01-15 11:00:00,112.1298327592145
2023-01-15 12:00:00,96.43086539390615
2023-01-15 13:00:00,106.87605062094784
2023-01-15 14:00:00,96.84178306350347
2023-01-15 15:00:00,95.41110507063948
2023-01-15 16:00:00,85.45797419733853
2023-01-15 17:00:00,90.68850377978471
2023-01-15 18:00:00,91.57725579853253
2023-01-15 19:00:00,88.36874768768563
2023-01-15 20:00:00,90.65322376551389
2023-01-15 21:00:00,94.28064838454303
2023-01-15 22:00:00,93.01379239460137
2023-01-15 23:00:00,101.66569292820223
2023-01-16 00:00:00,107.05570216241858
2023-01-16 01:00:00,115.13932802148426
2023-01-16 02:00:00,123.26150897771127
2023-01-16 03:00:00,117.31669720612176
2023-01-16 04:00:00,125.35571696193522
2023-01-16 05:00:00,135.56694819912235
2023-01-16 06:00:00,125.29174753496136
2023-01-16 07:00:00,124.37288899802948
2023-01-16 08:00:00,127.64077652128691
2023-01-16 09:00:00,127.80289487924128
2023-01-16 10:00:00,119.61285833566487
2023-01-16 11:00:00,121.48044211712609
2023-01-16 12:00:00,114.033249034651
2023-01-16 13:00:00,108.85838416473275
2023-01-16 14:00:00,102.65889076887159
2023-01-16 15:00:00,107.43325197693204
2023-01-16 16:00:00,91.62572145179281
2023-01-16 17:00:00,80.6568790617701
2023-01-16 18:00:00,98.0212718075857
2023-01-16 19:00:00,88.38599336731846
2023-01-16 20:00:00,93.19093211783823
2023-01-16 21:00:00,102.3427398995039
2023-01-16 22:00:00,91.87701055695655
2023-01-16 23:00:00,98.39104775975153
2023-01-17 00:00:00,101.74288943622388
2023-01-17 01:00:00,110.86495771481408
2023-01-17 02:00:00,121.75391108794636
2023-01-17 03:00:00,126.20190814087859
2023-01-17 04:00:00,128.01061645877348
2023-01-17 05:00:00,121.42030966501929
2023-01-17 06:00:00,117.45917149586096
2023-01-17 07:00:00,128.4314383877794
2023-01-17 08:00:00,123.62188194534156
2023-01-17 09:00:00,124.90630647459682
2023-01-17 10:00:00,121.77215587426663
2023-01-17 11:00:00,113.91356586001069
2023-01-17 12:00:00,111.61898025155956
2023-01-17 13:00:00,103.54939319997958
2023-01-17 14:00:00,99.98084224630556
2023-01-17 15:00:00,89.40556587378516
2023-01-17 16:00:00,88.58316223286309
2023-01-17 17:00:00,88.18823807028473
2023-01-17 18:00:00,90.33754039567444
2023-01-17 19:00:00,84.65097946883074
2023-01-17 20:00:00,90.91852878360798
2023-01-17 21:00:00,89.84899118184542
2023-01-17 22:00:00,94.41228916335935
2023-01-17 23:00:00,103.64390059080074
2023-01-18 00:00:00,94.37353553590458
2023-01-18 01:00:00,102.69293950487396
2023-01-18 02:00:00,106.2424832564497
2023-01-18 03:00:00,105.7768456440411
2023-01-18 04:00:00,116.8767376190219
2023-01-18 05:00:00,125.65387647544529
2023-01-18 06:00:00,120.8007890076503
2023-01-18 07:00:00,122.16658300711983
2023-01-18 08:00:00,124.25701822100447
2023-01-18 09:00:00,121.90021104610257
2023-01-18 10:00:00,110.40161126223349
2023-01-18 11:00:00,112.31822229266069
2023-01-18 12:00:00,100.46063329217041
2023-01-18 13:00:00,90.26271603604928
2023-01-18 14:00:00,86.28069730314216
2023-01-18 15:00:00,77.33553705241106
2023-01-18 16:00:00,76.74839999388125
2023-01-18 17:00:00,77.0322839622174
2023-01-18 18:00:00,81.79271575732987
2023-01-18 19:00:00,86.69714217902339
2023-01-18 20:00:00,72.82103260331688
2023-01-18 21:00:00,84.51921109801694
2023-01-18 22:00:00,81.14387006054824
2023-01-18 23:00:00,93.19818429706821
2023-01-19 00:00:00,95.00572935538571
2023-01-19 01:00:00,91.34916549008224
2023-01-19 02:00:00,109.64148495784217
2023-01-19 03:00:00,105.79681129453384
2023-01-19 04:00:00,109.01780630318468
2023-01-19 05:00:00,108.0315526135979
2023-01-19 06:00:00,110.49368559797487
2023-01-19 07:00:00,114.93509461647474
2023-01-19 08:00:00,109.57255899329748
2023-01-19 09:00:00,108.71437782327806
2023-01-19 10:00:00,104.47909055134602
2023-01-19 11:00:00,104.19997194823691
2023-01-19 12:00:00,90.46775442099782
2023-01-19 13:00:00,79.39335221605438
2023-01-19 14:00:00,87.07372433969995
2023-01-19 15:00:00,75.73318152350019
2023-01-19 16:00:00,79.59220010935383
2023-01-19 17:00:00,73.75721510508488
2023-01-19 18:00:00,70.3346236699591
2023-01-19 19:00:00,73.25974038575036
2023-01-19 20:00:00,83.12581723850064
2023-01-19 21:00:00,86.8039337184542
2023-01-19 22:00:00,80.79117761780223
2023-01-19 23:00:00,85.96531380164414
2023-01-20 00:00:00,95.63192166551346
2023-01-20 01:00:00,91.12241100588074
2023-01-20 02:00:00,101.77704360083983
2023-01-20 03:00:00,104.07569928502924
2023-01-20 04:00:00,108.91801116116481
2023-01-20 05:00:00,105.1586654481503
2023-01-20 06:00:00,102.05216253345516
2023-01-20 07:00:00,98.96059229794095
2023-01-20 08:00:00,101.76154953892892
2023-01-20 09:00:00,101.91163710010196
2023-01-20 10:00:00,98.64573380450484
2023-01-20 11:00:00,105.03687198186545
2023-01-20 12:00:00,95.78068772771843
2023-01-20 13:00:00,80.35390525335103
2023-01-20 14:00:00,82.18281420439345
2023-01-20 15:00:00,74.38363989143372
2023-01-20 16:00:00,71.94893524766873
2023-01-20 17:00:00,72.44248916259575
2023-01-20 18:00:00,74.08616690585276
2023-01-20 19:00:00,70.14403711975244
2023-01-20 20:00:00,79.33849555013852
2023-01-20 21:00:00,71.68093125327417
2023-01-20 22:00:00,81.76930756865126
2023-01-20 23:00:00,99.76600993326208
2023-01-21 00:00:00,93.2970838884457
2023-01-21 01:00:00,104.76273620362653
2023-01-21 02:00:00,103.12708217256775
2023-01-21 03:00:00,109.97495328851433
2023-01-21 04:00:00,110.23486472601614
2023-01-21 05:00:00,111.9436045071791
2023-01-21 06:00:00,109.86768999778558
2023-01-21 07:00:00,115.53182146483417
2023-01-21 08:00:00,107.4296215491238
2023-01-21 09:00:00,112.14974104014489
2023-01-21 10:00:00,110.42643502222963
2023-01-21 11:00:00,102.33635165550587
2023-01-21 12:00:00,94.22991894104626
2023-01-21 13:00:00,93.09452675129577
2023-01-21 14:00:00,84.80322447860395
2023-01-21 15:00:00,87.23280938404297
2023-01-21 16:00:00,70.57490975912664
2023-01-21 17:00:00,76.4152561826002
2023-01-21 18:00:00,67.82073068481685
2023-01-21 19:00:00,71.3470632514534
2023-01-21 20:00:00,88.00838041161896
2023-01-21 21:00:00,89.21414452509448
2023-01-21 22:00:00,85.65529789771203
2023-01-21 23:00:00,86.93718987498173
2023-01-22 00:00:00,85.17735581079177
2023-01-22 01:00:00,102.83281530515013
2023-01-22 02:00:00,122.84937599710109
2023-01-22 03:00:00,117.43620174208223
2023-01-22 04:00:00,116.01306930720312
2023-01-22 05:00:00,123.50303364491195
2023-01-22 06:00:00,114.42041757459094
2023-01-22 07:00:00,120.42009016331849
2023-01-22 08:00:00,120.76544718487666
2023-01-22 09:00:00,117.01442298417747
2023-01-22 10:00:00,117.60744085211431
2023-01-22 11:00:00,110.89852727642787
2023-01-22 12:00:00,107.68046748171572
2023-01-22 13:00:00,96.0544439695264
2023-01-22 14:00:00,99.48907704205307
2023-01-22 15:00:00,99.32286987954254
2023-01-22 16:00:00,83.4619449066904
2023-01-22 17:00:00,82.18120705138081
2023-01-22 18:00:00,92.91381970018848
2023-01-22 19:00:00,86.24763765352454
2023-01-22 20:00:00,96.50032626235324
2023-01-22 21:00:00,90.71625362867336
2023-01-22 22:00:00,104.60574659965168
2023-01-22 23:00:00,103.06076541343137
2023-01-23 00:00:00,109.10945894129395
2023-01-23 01:00:00,121.0459488080664
2023-01-23 02:00:00,116.45353535593905
2023-01-23 03:00:00,117.90376713638868
2023-01-23 04:00:00,123.73794107339124
2023-01-23 05:00:00,130.42134021404314
2023-01-23 06:00:00,121.1808933181216
2023-01-23 07:00:00,131.67149359773666
2023-01-23 08:00:00,123.93538897404217
2023-01-23 09:00:00,129.32003223048244
2023-01-23 10:00:00,107.58442653335936
2023-01-23 11:00:00,110.90281028942047
2023-01-23 12:00:00,101.31693836564777
2023-01-23 13:00:00,100.51813649846258
2023-01-23 14:00:00,101.12663776779623
2023-01-23 15:00:00,94.89885334795277
2023-01-23 16:00:00,91.38464205138291
2023-01-23 17:00:00,89.8785661652024
2023-01-23 18:00:00,91.01694120309972
2023-01-23 19:00:00,85.63181031238707
2023-01-23 20:00:00,96.18577810061838
2023-01-23 21:00:00,99.10831632712875
2023-01-23 22:00:00,101.81349795053177
2023-01-23 23:00:00,107.43195104403837
2023-01-24 00:00:00,111.23136912586128
2023-01-24 01:00:00,125.01100567859636
2023-01-24 02:00:00,119.12025720259894
2023-01-24 03:00:00,122.04555283514192
2023-01-24 04:00:00,122.86160766034388
2023-01-24 05:00:00,123.32282573159196
2023-01-24 06:00:00,122.78732974101884
2023-01-24 07:00:00,123.7156838946729
2023-01-24 08:00:00,125.62736020527284
2023-01-24 09:00:00,124.28085325850225
2023-01-24 10:00:00,118.51809803592097
2023-01-24 11:00:00,109.3946823125686
2023-01-24 12:00:00,112.31923764478059
2023-01-24 13:00:00,106.10039969090914
2023-01-24 14:00:00,96.53227718118828
2023-01-24 15:00:00,89.66435146481095
2023-01-24 16:00:00,92.22335890616931
2023-01-24 17:00:00,88.14422552443042
2023-01-24 18:00:00,78.99426172151209
2023-01-24 19:00:00,86.27978405003157
2023-01-24 20:00:00,89.62287156531923
2023-01-24 21:00:00,86.67971120898363
2023-01-24 22:00:00,95.9492169641873
2023-01-24 23:00:00,92.22219295439098
2023-01-25 00:00:00,111.01976789123633
2023-01-25 01:00:00,115.41505107054505
2023-01-25 02:00:00,112.39082357214885
2023-01-25 03:00:00,119.26219793247786
2023-01-25 04:00:00,108.21844999079845
2023-01-25 05:00:00,116.12496867547993
2023-01-25 06:00:00,120.75631473880252
2023-01-25 07:00:00,115.81696749027623
2023-01-25 08:00:00,122.38291315060405
2023-01-25 09:00:00,125.24826303850419
2023-01-25 10:00:00,104.86422733871785
2023-01-25 11:00:00,101.36297582438765
2023-01-25 12:00:00,101.17724184154943
2023-01-25 13:00:00,102.50528789768461
2023-01-25 14:00:00,83.14082750143623
2023-01-25 15:00:00,85.98340022677097
2023-01-25 16:00:00,90.29556351661512
2023-01-25 17:00:00,70.5635716616932
2023-01-25 18:00:00,71.3694446262077
2023-01-25 19:00:00,75.97525999088919
2023-01-25 20:00:00,77.12899811592507
2023-01-25 21:00:00,86.61808019548529
2023-01-25 22:00:00,87.55488835543997
2023-01-25 23:00:00,81.94988855654138
2023-01-26 00:00:00,98.23821462332849
2023-01-26 01:00:00,97.61600018254174
2023-01-26 02:00:00,111.37223608470603
2023-01-26 03:00:00,105.68387717639297
2023-01-26 04:00:00,108.50423107954119
2023-01-26 05:00:00,116.08597272406892
2023-01-26 06:00:00,117.57973439309737
2023-01-26 07:00:00,115.03613923268115
2023-01-26 08:00:00,102.09079411105573
2023-01-26 09:00:00,109.76124001150683
2023-01-26 10:00:00,97.49794102332972
2023-01-26 11:00:00,98.77304422853756
2023-01-26 12:00:00,85.0630129983246
2023-01-26 13:00:00,89.00925203799824
2023-01-26 14:00:00,77.70461773530306
2023-01-26 15:00:00,70.97744913268377
2023-01-26 16:00:00,77.58833856887888
2023-01-26 17:00:00,73.04855214755642
2023-01-26 18:00:00,67.92042731401132
2023-01-26 19:00:00,78.77175516062415
2023-01-26 20:00:00,71.1674923300205
2023-01-26 21:00:00,76.5795694430402
2023-01-26 22:00:00,81.78883918053145
2023-01-26 23:00:00,82.06603116441582
2023-01-27 00:00:00,92.606402345181
2023-01-27 01:00:00,92.68345443389367
2023-01-27 02:00:00,98.05350012666761
2023-01-27 03:00:00,111.0182267238153
2023-01-27 04:00:00,102.14553984131466
2023-01-27 05:00:00,97.2616078232499
2023-01-27 06:00:00,118.05468497505947
2023-01-27 07:00:00,122.07214924093249
2023-01-27 08:00:00,105.3221237766304
2023-01-27 09:00:00,94.5208233216976
2023-01-27 10:00:00,98.55927185676886
2023-01-27 11:00:00,93.91960142051441
2023-01-27 12:00:00,89.30110167307053
2023-01-27 13:00:00,79.5974206254501
2023-01-27 14:00:00,83.34207765452122
2023-01-27 15:00:00,79.04156794961588
2023-01-27 16:00:00,65.8987263387726
2023-01-27 17:00:00,75.01184457399326
2023-01-27 18:00:00,81.25373623070524
2023-01-27 19:00:00,72.70013120135785
2023-01-27 20:00:00,72.33261207612412
2023-01-27 21:00:00,76.68060631194845
2023-01-27 22:00:00,84.81389609168282
2023-01-27 23:00:00,78.12428327274694
2023-01-28 00:00:00,93.00363869020595
2023-01-28 01:00:00,95.64434392328172
2023-01-28 02:00:00,111.90860634648152
2023-01-28 03:00:00,106.20020414284045
2023-01-28 04:00:00,118.85821875357708
2023-01-28 05:00:00,107.27693892409013
2023-01-28 06:00:00,116.70139781542663
2023-01-28 07:00:00,114.97731598900252
2023-01-28 08:00:00,107.34207125572892
2023-01-28 09:00:00,109.70879543176218
2023-01-28 10:00:00,111.06259418415823
2023-01-28 11:00:00,98.88473609788689
2023-01-28 12:00:00,87.20134936297605
2023-01-28 13:00:00,90.7368847223647
2023-01-28 14:00:00,81.83447428237359
2023-01-28 15:00:00,80.84336906339834
2023-01-28 16:00:00,79.32400133177649
2023-01-28 17:00:00,69.5650319431159
2023-01-28 18:00:00,69.69649896383345
2023-01-28 19:00:00,81.23270158021698
2023-01-28 20:00:00,78.57547578170123
2023-01-28 21:00:00,71.91449790613308
2023-01-28 22:00:00,93.17691924717602
2023-01-28 23:00:00,95.8115559315572
2023-01-29 00:00:00,96.43062587981743
2023-01-29 01:00:00,98.9661417895225
2023-01-29 02:00:00,114.92634041743561
2023-01-29 03:00:00,117.00853349756648
2023-01-29 04:00:00,130.7239421508709
2023-01-29 05:00:00,123.27857559103506
2023-01-29 06:00:00,124.16372504587319
2023-01-29 07:00:00,121.07206732626376
2023-01-29 08:00:00,124.35193915580173
2023-01-29 09:00:00,120.57035224952357
2023-01-29 10:00:00,119.91203528649048
2023-01-29 11:00:00,106.56868655206135
2023-01-29 12:00:00,102.16180002645612
2023-01-29 13:00:00,97.10078952612047
2023-01-29 14:00:00,98.95400860589497
2023-01-29 15:00:00,98.67005734290595
2023-01-29 16:00:00,86.01849003920104
2023-01-29 17:00:00,84.49581669098833
2023-01-29 18:00:00,87.80528413793634
2023-01-29 19:00:00,85.97555008693527
2023-01-29 20:00:00,94.24148756771979
2023-01-29 21:00:00,81.6700457350389
2023-01-29 22:00:00,93.196993483714
2023-01-29 23:00:00,98.4912546595967
2023-01-30 00:00:00,96.21653476274899
2023-01-30 01:00:00,108.40416647787326
2023-01-30 02:00:00,113.6866071639301
2023-01-30 03:00:00,121.6038543434196
2023-01-30 04:00:00,131.54559157183425
2023-01-30 05:00:00,126.93436720487402
2023-01-30 06:00:00,123.8556200776684
2023-01-30 07:00:00,128.19936637841357
2023-01-30 08:00:00,131.8751136693377
2023-01-30 09:00:00,118.7011748462402
2023-01-30 10:00:00,115.00285363825414
2023-01-30 11:00:00,117.62838396131258
2023-01-30 12:00:00,108.6415985431639
2023-01-30 13:00:00,107.88670728382988
2023-01-30 14:00:00,99.82007430327519
2023-01-30 15:00:00,99.30330471564949
2023-01-30 16:00:00,87.47613932591987
2023-01-30 17:00:00,90.61406726816128
2023-01-30 18:00:00,88.94654992818421
2023-01-30 19:00:00,84.59503590158208
2023-01-30 20:00:00,84.8341401567796
2023-01-30 21:00:00,99.22373165157451
2023-01-30 22:00:00,98.13354635116123
2023-01-30 23:00:00,99.53788242204578
2023-01-31 00:00:00,109.26838443720172
2023-01-31 01:00:00,120.47573345168738
2023-01-31 02:00:00,108.15203883100124
2023-01-31 03:00:00,116.09777547729804
2023-01-31 04:00:00,122.01481335265434
2023-01-31 05:00:00,135.79003341808274
2023-01-31 06:00:00,130.42262359362067
2023-01-31 07:00:00,131.99625666313355
2023-01-31 08:00:00,120.2799575179021
2023-01-31 09:00:00,117.0116982396616
2023-01-31 10:00:00,120.50145632677338
2023-01-31 11:00:00,113.51373035439458
2023-01-31 12:00:00,110.56200891900102
2023-01-31 13:00:00,101.46498137476235
2023-01-31 14:00:00,98.72123735057116
2023-01-31 15:00:00,93.71952761266017
2023-01-31 16:00:00,93.37005624744533
2023-01-31 17:00:00,91.23939899672214
2023-01-31 18:00:00,78.13553804662848
2023-01-31 19:00:00,75.38334255324939
2023-01-31 20:00:00,93.32141949320481
2023-01-31 21:00:00,97.11681060773233
2023-01-31 22:00:00,89.89688490243326
2023-01-31 23:00:00,90.19712834795162
2023-02-01 00:00:00,104.83401149621133
2023-02-01 01:00:00,113.82949227700033
2023-02-01 02:00:00,122.64138285583559
2023-02-01 03:00:00,120.02641410378965
2023-02-01 04:00:00,118.40947633686952
2023-02-01 05:00:00,117.44105386888225
2023-02-01 06:00:00,122.28246579791644
2023-02-01 07:00:00,119.68130907798432
2023-02-01 08:00:00,113.73559120880647
2023-02-01 09:00:00,125.50555863908039
2023-02-01 10:00:00,119.67314294622514
2023-02-01 11:00:00,111.23053626259153
2023-02-01 12:00:00,95.39574801095432
2023-02-01 13:00:00,98.72480377667307
2023-02-01 14:00:00,92.45083111162542
2023-02-01 15:00:00,86.95094773625621
2023-02-01 16:00:00,87.43739559776827
2023-02-01 17:00:00,81.99922311689596
2023-02-01 18:00:00,81.47486184195856
2023-02-01 19:00:00,81.2778244400545
2023-02-01 20:00:00,81.43589722021258
2023-02-01 21:00:00,73.63701810814644
2023-02-01 22:00:00,86.76469514338845
2023-02-01 23:00:00,88.04373906050678
2023-02-02 00:00:00,89.26195782062416
2023-02-02 01:00:00,108.9127777158234
2023-02-02 02:00:00,113.64497670442866
2023-02-02 03:00:00,115.61791786005548
2023-02-02 04:00:00,112.96337457933193
2023-02-02 05:00:00,120.13344027480954
2023-02-02 06:00:00,113.82536788442178
2023-02-02 07:00:00,113.80962879748908
2023-02-02 08:00:00,105.05142384566993
2023-02-02 09:00:00,109.05602433435993
2023-02-02 10:00:00,102.97141092382395
2023-02-02 11:00:00,91.08340308642354
2023-02-02 12:00:00,91.9256996162371
2023-02-02 13:00:00,86.3789934809985
2023-02-02 14:00:00,90.7254180900633
2023-02-02 15:00:00,81.86168902655356
2023-02-02 16:00:00,74.07646508192431
2023-02-02 17:00:00,73.08426608817797
2023-02-02 18:00:00,71.21137321149679
2023-02-02 19:00:00,70.50129099154105
2023-02-02 20:00:00,67.9586184509274
2023-02-02 21:00:00,75.66377168515076
2023-02-02 22:00:00,76.71378065887572
2023-02-02 23:00:00,78.912783140443
2023-02-03 00:00:00,92.80682995091941
2023-02-03 01:00:00,97.30703946938387
2023-02-03 02:00:00,91.17815418090811
2023-02-03 03:00:00,103.59159033732244
2023-02-03 04:00:00,112.32697703337664
2023-02-03 05:00:00,114.6216281723789
2023-02-03 06:00:00,115.12918421442619
2023-02-03 07:00:00,109.52007551240482
2023-02-03 08:00:00,103.1232434640311
2023-02-03 09:00:00,98.78651938800836
2023-02-03 10:00:00,101.834716261501
2023-02-03 11:00:00,97.24711634154319
2023-02-03 12:00:00,96.68737643620733
2023-02-03 13:00:00,90.66425908676938
2023-02-03 14:00:00,79.78312865948313
2023-02-03 15:00:00,70.19800167888083
2023-02-03 16:00:00,71.77522145281475
2023-02-03 17:00:00,72.60201688957162
2023-02-03 18:00:00,69.97989509402878
2023-02-03 19:00:00,68.95085899878423
2023-02-03 20:00:00,75.28366196131635
2023-02-03 21:00:00,74.87083367693285
2023-02-03 22:00:00,78.59728183821348
2023-02-03 23:00:00,88.33490547180006
2023-02-04 00:00:00,90.17172227467321
2023-02-04 01:00:00,98.81718561548733
2023-02-04 02:00:00,104.03550139596227
2023-02-04 03:00:00,101.37392280640763
2023-02-04 04:00:00,108.11257507865233
2023-02-04 05:00:00,119.98452711258226
2023-02-04 06:00:00,107.95470441774124
2023-02-04 07:00:00,102.7970424251938
2023-02-04 08:00:00,102.37808172884006
2023-02-04 09:00:00,108.96736459146096
2023-02-04 10:00:00,105.15458639016339
2023-02-04 11:00:00,99.91564034219445
2023-02-04 12:00:00,101.73211175346755
2023-02-04 13:00:00,77.46052668923744
2023-02-04 14:00:00,88.32625912849043
2023-02-04 15:00:00,90.36226476573535
2023-02-04 16:00:00,74.09303635574362
2023-02-04 17:00:00,76.19426046424391
2023-02-04 18:00:00,74.01033107429372
2023-02-04 19:00:00,74.35063717220166
2023-02-04 20:00:00,79.55775923743435
2023-02-04 21:00:00,91.8756460336583
2023-02-04 22:00:00,98.43963244157328
2023-02-04 23:00:00,92.77001102998508
2023-02-05 00:00:00,109.5253010703226
2023-02-05 01:00:00,105.72817522973665
2023-02-05 02:00:00,119.51575606936916
2023-02-05 03:00:00,114.79528713649673
2023-02-05 04:00:00,119.46621986768116
2023-02-05 05:00:00,123.00500496062465
2023-02-05 06:00:00,138.1194777364008
2023-02-05 07:00:00,126.16313485103045
2023-02-05 08:00:00,116.73173717004053
2023-02-05 09:00:00,122.28991559466226
2023-02-05 10:00:00,111.84424755824246
2023-02-05 11:00:00,106.72655023074189
2023-02-05 12:00:00,108.88184419063609
2023-02-05 13:00:00,99.6517333195363
2023-02-05 14:00:00,96.39287957255871
2023-02-05 15:00:00,91.2481112507489
2023-02-05 16:00:00,89.99560813797484
2023-02-05 17:00:00,88.74451481713443
2023-02-05 18:00:00,76.55006335506027
2023-02-05 19:00:00,90.5372209300475
2023-02-05 20:00:00,84.57112220286878
2023-02-05 21:00:00,85.71743651033695
2023-02-05 22:00:00,97.0384624990049
2023-02-05 23:00:00,102.82324134597602
2023-02-06 00:00:00,104.35078400181871
2023-02-06 01:00:00,117.37751798805698
2023-02-06 02:00:00,111.55151191130554
2023-02-06 03:00:00,120.57465887215083
2023-02-06 04:00:00,123.05639143886782
2023-02-06 05:00:00,127.9267341091308
2023-02-06 06:00:00,130.40401010226037
2023-02-06 07:00:00,123.44467433636342
2023-02-06 08:00:00,130.25065894941218
2023-02-06 09:00:00,123.89598076848795
2023-02-06 10:00:00,110.09599679130197
2023-02-06 11:00:00,105.04268196295648
2023-02-06 12:00:00,109.68768265717151
2023-02-06 13:00:00,103.54444724135091
2023-02-06 14:00:00,99.37120769437816
2023-02-06 15:00:00,95.65507419255069
2023-02-06 16:00:00,93.77932909367378
2023-02-06 17:00:00,95.41273857134414
2023-02-06 18:00:00,84.4444754954122
2023-02-06 19:00:00,84.81463255759857
2023-02-06 20:00:00,87.18491060668605
2023-02-06 21:00:00,97.23956981104503
2023-02-06 22:00:00,106.11304515548319
2023-02-06 23:00:00,102.49258663908526
2023-02-07 00:00:00,97.24077990101992
2023-02-07 01:00:00,106.31567485188883
2023-02-07 02:00:00,115.39054444388113
2023-02-07 03:00:00,120.79232448933847
2023-02-07 04:00:00,124.58730242585725
2023-02-07 05:00:00,128.67704469938565
2023-02-07 06:00:00,127.45095702491197
2023-02-07 07:00:00,133.40636851354452
2023-02-07 08:00:00,122.60067558512652
2023-02-07 09:00:00,118.29778781863622
2023-02-07 10:00:00,120.65676543576227
2023-02-07 11:00:00,105.54414835008637
2023-02-07 12:00:00,109.76677335128059
2023-02-07 13:00:00,102.91610224803608
2023-02-07 14:00:00,96.59330626870734
2023-02-07 15:00:00,100.87031272388109
2023-02-07 16:00:00,86.3701820755469
2023-02-07 17:00:00,97.5058484396204
2023-02-07 18:00:00,85.10774077244683
2023-02-07 19:00:00,80.23460310510248
2023-02-07 20:00:00,88.6622904099213
2023-02-07 21:00:00,85.79695913982866
2023-02-07 22:00:00,91.2412207609323
2023-02-07 23:00:00,101.48147188075764
2023-02-08 00:00:00,107.11674783442574
2023-02-08 01:00:00,106.06446264397678
2023-02-08 02:00:00,118.59043596889586
2023-02-08 03:00:00,123.23246503338798
2023-02-08 04:00:00,127.44956860261411
2023-02-08 05:00:00,124.55377401243513
2023-02-08 06:00:00,129.04235289999167
2023-02-08 07:00:00,111.77364045754032
2023-02-08 08:00:00,117.221397994308
2023-02-08 09:00:00,110.92675410314695
2023-02-08 10:00:00,111.34343024150165
2023-02-08 11:00:00,102.69304674883028
2023-02-08 12:00:00,99.16921079025143
2023-02-08 13:00:00,103.86058155620654
2023-02-08 14:00:00,88.40410008203422
2023-02-08 15:00:00,86.80718120118759
2023-02-08 16:00:00,80.0277226129283
2023-02-08 17:00:00,79.20093384237379
2023-02-08 18:00:00,77.8048740626172
2023-02-08 19:00:00,80.33491335305918
2023-02-08 20:00:00,85.55847785793814
2023-02-08 21:00:00,90.79204374473386
2023-02-08 22:00:00,87.89469016588131
2023-02-08 23:00:00,93.77243328493023
2023-02-09 00:00:00,89.90684006289626
2023-02-09 01:00:00,100.06431090724158
2023-02-09 02:00:00,109.70144732441747
2023-02-09 03:00:00,113.15165805066346
2023-02-09 04:00:00,112.74535615902772
2023-02-09 05:00:00,117.812284467886
2023-02-09 06:00:00,116.21893552638174
2023-02-09 07:00:00,118.79717370429682
2023-02-09 08:00:00,111.9655764827652
2023-02-09 09:00:00,105.29257623401064
2023-02-09 10:00:00,104.34868756636662
2023-02-09 11:00:00,82.94369179133217
2023-02-09 12:00:00,94.09611385724553
2023-02-09 13:00:00,68.53557717420937
2023-02-09 14:00:00,73.12029521981312
2023-02-09 15:00:00,79.64946538869117
2023-02-09 16:00:00,76.40688457280106
2023-02-09 17:00:00,66.02818563847278
2023-02-09 18:00:00,67.42980111158111
2023-02-09 19:00:00,78.36856585858942
2023-02-09 20:00:00,70.95060378000565
2023-02-09 21:00:00,87.63363263520019
2023-02-09 22:00:00,80.4346726762569
2023-02-09 23:00:00,87.2045417194649
2023-02-10 00:00:00,98.33509287067403
2023-02-10 01:00:00,96.00585175068461
2023-02-10 02:00:00,95.09997183429434
2023-02-10 03:00:00,103.65637626632692
2023-02-10 04:00:00,107.17041642292648
2023-02-10 05:00:00,102.50180121688959
2023-02-10 06:00:00,108.72083964329589
2023-02-10 07:00:00,105.61454900791037
2023-02-10 08:00:00,111.97025888981412
2023-02-10 09:00:00,104.37807289572507
2023-02-10 10:00:00,98.69771299201102
2023-02-10 11:00:00,94.81980651660466
2023-02-10 12:00:00,91.36633097021245
2023-02-10 13:00:00,88.24843183350802
2023-02-10 14:00:00,75.44571079879222
2023-02-10 15:00:00,71.21109291007893
2023-02-10 16:00:00,78.89415051488199
2023-02-10 17:00:00,69.45417655449523
2023-02-10 18:00:00,63.906100857991404
2023-02-10 19:00:00,74.05939308608798
2023-02-10 20:00:00,76.3360869166302
2023-02-10 21:00:00,69.73704609770265
2023-02-10 22:00:00,82.88502083415823
2023-02-10 23:00:00,90.45555676242512
2023-02-11 00:00:00,94.05361743385039
2023-02-11 01:00:00,100.75657108940239
2023-02-11 02:00:00,95.64813579124774
2023-02-11 03:00:00,108.72626858684639
2023-02-11 04:00:00,109.00568190062737
2023-02-11 05:00:00,110.38169161937664
2023-02-11 06:00:00,118.11788002851128
2023-02-11 07:00:00,120.77668722341765
2023-02-11 08:00:00,120.6591577680545
2023-02-11 09:00:00,115.39585421610727
2023-02-11 10:00:00,104.45132909184915
2023-02-11 11:00:00,102.26729543445138
2023-02-11 12:00:00,99.49527696774642
2023-02-11 13:00:00,91.43058860124901
2023-02-11 14:00:00,87.0004106958942
2023-02-11 15:00:00,86.67383941609849
2023-02-11 16:00:00,79.43552695007254
2023-02-11 17:00:00,74.44685834132507
2023-02-11 18:00:00,75.70242533125757
2023-02-11 19:00:00,81.99191929125796
2023-02-11 20:00:00,81.20403571854953
2023-02-11 21:00:00,86.43926949957738
2023-02-11 22:00:00,92.60309527514647
2023-02-11 23:00:00,92.57549984069814
2023-02-12 00:00:00,103.7812408181491
2023-02-12 01:00:00,107.4445058621059
2023-02-12 02:00:00,104.5732355013062
2023-02-12 03:00:00,122.47330434069481
2023-02-12 04:00:00,116.30720701866572
2023-02-12 05:00:00,112.90215588148455
2023-02-12 06:00:00,116.9999907916316
2023-02-12 07:00:00,116.80148117341493
2023-02-12 08:00:00,120.5289264130853
2023-02-12 09:00:00,116.07567371555189
2023-02-12 10:00:00,111.96925040546137
2023-02-12 11:00:00,112.27381097266051
2023-02-12 12:00:00,106.03821419713927
2023-02-12 13:00:00,101.07654473390159
2023-02-12 14:00:00,97.04914228664423
2023-02-12 15:00:00,94.25885848143331
2023-02-12 16:00:00,77.77292579606053
2023-02-12 17:00:00,84.79749406863142
2023-02-12 18:00:00,75.33384769613996
2023-02-12 19:00:00,87.38465722098879
2023-02-12 20:00:00,89.45805444089874
2023-02-12 21:00:00,98.15659356208229
2023-02-12 22:00:00,103.26869068190423
2023-02-12 23:00:00,103.41721157066547
2023-02-13 00:00:00,105.31650943769543
2023-02-13 01:00:00,115.64816426244558
2023-02-13 02:00:00,115.62279955653835
2023-02-13 03:00:00,122.60241435879718
2023-02-13 04:00:00,130.91144369833657
2023-02-13 05:00:00,125.37081373088047
2023-02-13 06:00:00,133.03808187523668
2023-02-13 07:00:00,131.8711459279427
2023-02-13 08:00:00,121.85528647647675
2023-02-13 09:00:00,128.45043956790158
2023-02-13 10:00:00,123.04855978471872
2023-02-13 11:00:00,115.3452686018051
2023-02-13 12:00:00,105.93766183168053
2023-02-13 13:00:00,100.353253737405
2023-02-13 14:00:00,97.19999537773637
2023-02-13 15:00:00,98.50795879166131
2023-02-13 16:00:00,87.87340405911598
2023-02-13 17:00:00,92.8620517652019
2023-02-13 18:00:00,83.79122235560804
2023-02-13 19:00:00,89.65414759990826
2023-02-13 20:00:00,93.19976866899292
2023-02-13 21:00:00,108.02063720049595
2023-02-13 22:00:00,93.00172998464946
2023-02-13 23:00:00,112.00935666273223
2023-02-14 00:00:00,110.49849119175501
2023-02-14 01:00:00,116.89149875502032
2023-02-14 02:00:00,120.14746762480206
2023-02-14 03:00:00,125.8046030177906
2023-02-14 04:00:00,125.86082004032069
2023-02-14 05:00:00,135.75438999176845
2023-02-14 06:00:00,126.7273329579006
2023-02-14 07:00:00,133.8208433217236
2023-02-14 08:00:00,122.75892651246835
2023-02-14 09:00:00,122.30811838400764
2023-02-14 10:00:00,112.90257498170905
2023-02-14 11:00:00,115.49747730145475
2023-02-14 12:00:00,115.04394460931286
2023-02-14 13:00:00,102.01655543030066
2023-02-14 14:00:00,96.3460902247783
2023-02-14 15:00:00,87.35584737279524
2023-02-14 16:00:00,88.33475603425902
2023-02-14 17:00:00,79.24038628839229
2023-02-14 18:00:00,81.67050808499319
2023-02-14 19:00:00,87.7536155604994
2023-02-14 20:00:00,94.90775849365404
2023-02-14 21:00:00,105.22423944756954
2023-02-14 22:00:00,92.06707457464515
2023-02-14 23:00:00,106.67280616390721
2023-02-15 00:00:00,105.55759979318375
2023-02-15 01:00:00,108.41906291151602
2023-02-15 02:00:00,115.81638250229496
2023-02-15 03:00:00,117.75450866168191
2023-02-15 04:00:00,120.82003844785866
2023-02-15 05:00:00,119.86504116267312
2023-02-15 06:00:00,115.23466104056892
2023-02-15 07:00:00,113.45950658480011
2023-02-15 08:00:00,122.07715515385654
2023-02-15 09:00:00,113.87827993433524
2023-02-15 10:00:00,107.76685643758401
2023-02-15 11:00:00,105.5928209784299
2023-02-15 12:00:00,103.97466126457842
2023-02-15 13:00:00,95.35152687031845
2023-02-15 14:00:00,85.97242438093093
2023-02-15 15:00:00,90.86968439348139
2023-02-15 16:00:00,89.08499677745745
2023-02-15 17:00:00,81.29515067920393
2023-02-15 18:00:00,82.6431082171573
2023-02-15 19:00:00,84.30309300726238
2023-02-15 20:00:00,85.38243676222473
2023-02-15 21:00:00,85.62556964228062
2023-02-15 22:00:00,89.33832499170974
2023-02-15 23:00:00,93.42300172148511
2023-02-16 00:00:00,90.17447423608871
2023-02-16 01:00:00,104.00731040361745
2023-02-16 02:00:00,98.2209301443671
2023-02-16 03:00:00,104.84881758295231
2023-02-16 04:00:00,118.2051328340931
2023-02-16 05:00:00,117.58141548351713
2023-02-16 06:00:00,121.20209342984195
2023-02-16 07:00:00,111.43727049456382
2023-02-16 08:00:00,104.7575364915959
2023-02-16 09:00:00,105.86888182651383
2023-02-16 10:00:00,103.17963776790454
2023-02-16 11:00:00,97.99160725229571
2023-02-16 12:00:00,97.85008756910396
2023-02-16 13:00:00,84.97128917526622
2023-02-16 14:00:00,83.497784615855
2023-02-16 15:00:00,72.44748663681334
2023-02-16 16:00:00,76.27082427668596
2023-02-16 17:00:00,71.85587229010066
2023-02-16 18:00:00,67.24124462955322
2023-02-16 19:00:00,70.33671410464446
2023-02-16 20:00:00,72.44987570529283
2023-02-16 21:00:00,75.06825542649966
2023-02-16 22:00:00,89.30097815347689
2023-02-16 23:00:00,84.67213082351952
2023-02-17 00:00:00,89.03124032729414
2023-02-17 01:00:00,84.86346138166718
2023-02-17 02:00:00,95.64065497785082
2023-02-17 03:00:00,102.88964640251646
2023-02-17 04:00:00,103.91920672299364
2023-02-17 05:00:00,116.23404744478634
2023-02-17 06:00:00,109.1753111230189
2023-02-17 07:00:00,115.76773072448887
2023-02-17 08:00:00,107.65699327412861
2023-02-17 09:00:00,104.3911527069068
2023-02-17 10:00:00,99.66770949918653
2023-02-17 11:00:00,95.369697427825
2023-02-17 12:00:00,98.84469589343108
2023-02-17 13:00:00,73.56630720130265
2023-02-17 14:00:00,70.43654321994589
2023-02-17 15:00:00,73.70317691790446
2023-02-17 16:00:00,73.44339384755726
2023-02-17 17:00:00,74.96638303933901
2023-02-17 18:00:00,73.35574731111315
2023-02-17 19:00:00,69.91909997476972
2023-02-17 20:00:00,79.11445635267576
2023-02-17 21:00:00,82.54159939974932
2023-02-17 22:00:00,82.65790141319738
2023-02-17 23:00:00,91.59092916271673
2023-02-18 00:00:00,93.54491149248008
2023-02-18 01:00:00,94.78924853668137
2023-02-18 02:00:00,106.15856547670182
2023-02-18 03:00:00,107.62413342475907
2023-02-18 04:00:00,110.52547993175165
2023-02-18 05:00:00,120.16041027394783
2023-02-18 06:00:00,101.51074133871226
2023-02-18 07:00:00,106.29189381924854
2023-02-18 08:00:00,105.75195536318066
2023-02-18 09:00:00,107.00551162073424
2023-02-18 10:00:00,103.72695915116957
2023-02-18 11:00:00,92.96706638045515
2023-02-18 12:00:00,90.73537244727069
2023-02-18 13:00:00,86.52049046213457
2023-02-18 14:00:00,98.6337102167156
2023-02-18 15:00:00,91.56378349545304
2023-02-18 16:00:00,77.67319309177932
2023-02-18 17:00:00,76.27537657165931
2023-02-18 18:00:00,72.02877067449538
2023-02-18 19:00:00,69.28171533646301
2023-02-18 20:00:00,80.60466833050667
2023-02-18 21:00:00,79.74895969901583
2023-02-18 22:00:00,88.8284464058258
2023-02-18 23:00:00,86.4486779099681
2023-02-19 00:00:00,96.19012770844917
2023-02-19 01:00:00,106.29342832132737
2023-02-19 02:00:00,112.57834892478363
2023-02-19 03:00:00,117.34914017847393
2023-02-19 04:00:00,112.2084858166653
2023-02-19 05:00:00,125.45106124808838
2023-02-19 06:00:00,118.22415085655386
2023-02-19 07:00:00,125.07099654984319
2023-02-19 08:00:00,120.2148664367071
2023-02-19 09:00:00,110.56298874789306
2023-02-19 10:00:00,112.07242172075804
2023-02-19 11:00:00,111.00211985556658
2023-02-19 12:00:00,107.40366429354835
2023-02-19 13:00:00,98.79136589345877
2023-02-19 14:00:00,102.65889445300567
2023-02-19 15:00:00,96.21573899635544
2023-02-19 16:00:00,87.02942192294879
2023-02-19 17:00:00,90.37029439063835
2023-02-19 18:00:00,95.90386544452821
2023-02-19 19:00:00,97.00678059091503
2023-02-19 20:00:00,83.34121989790759
2023-02-19 21:00:00,88.2962666323484
2023-02-19 22:00:00,104.75511265196725
2023-02-19 23:00:00,97.11193107521581
2023-02-20 00:00:00,101.20560915822193
2023-02-20 01:00:00,110.79138804622093
2023-02-20 02:00:00,120.36352129053319
2023-02-20 03:00:00,122.0973940829579
2023-02-20 04:00:00,122.72794401150497
2023-02-20 05:00:00,124.78860815220484
2023-02-20 06:00:00,125.44800335696064
2023-02-20 07:00:00,124.0865909411864
2023-02-20 08:00:00,138.03740994851154
2023-02-20 09:00:00,125.06852428274208
2023-02-20 10:00:00,123.98952332988556
2023-02-20 11:00:00,112.3902518243468
2023-02-20 12:00:00,108.81949573588814
2023-02-20 13:00:00,101.08151392343069
2023-02-20 14:00:00,86.62976658765513
2023-02-20 15:00:00,88.90494009096271
2023-02-20 16:00:00,83.59843649622138
2023-02-20 17:00:00,79.42557163234468
2023-02-20 18:00:00,84.02320512850949
2023-02-20 19:00:00,97.29926891901076
2023-02-20 20:00:00,92.4293490576013
2023-02-20 21:00:00,102.24780528680752
2023-02-20 22:00:00,101.94322114675502
2023-02-20 23:00:00,108.56207795885773
2023-02-21 00:00:00,105.24479414529496
2023-02-21 01:00:00,117.45539393590423
2023-02-21 02:00:00,123.1992992282331
2023-02-21 03:00:00,120.69773246564624
2023-02-21 04:00:00,129.4269474152118
2023-02-21 05:00:00,131.31507787735512
2023-02-21 06:00:00,126.26192557337379
2023-02-21 07:00:00,122.54582829947257
2023-02-21 08:00:00,120.0601204540419
2023-02-21 09:00:00,123.0419053256211
2023-02-21 10:00:00,119.89743708710738
2023-02-21 11:00:00,109.2597295474272
2023-02-21 12:00:00,107.9512415313114
2023-02-21 13:00:00,105.25602151009697
2023-02-21 14:00:00,100.42147229162498
2023-02-21 15:00:00,100.68833278874705
2023-02-21 16:00:00,95.86612346301058
2023-02-21 17:00:00,82.19790042321739
2023-02-21 18:00:00,94.65282906627745
2023-02-21 19:00:00,83.96480280717496
2023-02-21 20:00:00,93.5370565672194
2023-02-21 21:00:00,91.51811827167775
2023-02-21 22:00:00,92.93925310771515
2023-02-21 23:00:00,90.45782108180572
2023-02-22 00:00:00,103.48101484009304
2023-02-22 01:00:00,101.37838496872024
2023-02-22 02:00:00,118.48990642287743
2023-02-22 03:00:00,125.02888952897862
2023-02-22 04:00:00,116.28350487331433
2023-02-22 05:00:00,123.41656068940293
2023-02-22 06:00:00,118.5982517295233
2023-02-22 07:00:00,118.03520894672675
2023-02-22 08:00:00,122.6834042567777
2023-02-22 09:00:00,115.06908907554727
2023-02-22 10:00:00,119.44554114551956
2023-02-22 11:00:00,103.13913045129915
2023-02-22 12:00:00,104.99668166237234
2023-02-22 13:00:00,94.936774219975
2023-02-22 14:00:00,93.2315891128575
2023-02-22 15:00:00,82.50243132858662
2023-02-22 16:00:00,80.94127507479173
2023-02-22 17:00:00,78.24487300609489
2023-02-22 18:00:00,73.59450508620792
2023-02-22 19:00:00,81.40370069610198
2023-02-22 20:00:00,82.98318520809418
2023-02-22 21:00:00,85.5228472312448
2023-02-22 22:00:00,94.03141802592388
2023-02-22 23:00:00,98.0714228609334
2023-02-23 00:00:00,93.78643915957865
2023-02-23 01:00:00,102.3689562114908
2023-02-23 02:00:00,101.88199655370816
2023-02-23 03:00:00,108.93859143915064
2023-02-23 04:00:00,108.68856024945796
2023-02-23 05:00:00,121.4806662157265
2023-02-23 06:00:00,115.58359273312752
2023-02-23 07:00:00,111.70549677247806
2023-02-23 08:00:00,116.48687355726143
2023-02-23 09:00:00,96.21799076288902
2023-02-23 10:00:00,92.59896830737488
2023-02-23 11:00:00,101.57585694669525
2023-02-23 12:00:00,92.48402741590691
2023-02-23 13:00:00,88.02987280158688
2023-02-23 14:00:00,75.10563174024729
2023-02-23 15:00:00,77.27445382973427
2023-02-23 16:00:00,84.03678493847394
2023-02-23 17:00:00,75.96132763815203
2023-02-23 18:00:00,71.83884404668987
2023-02-23 19:00:00,69.32059136499413
2023-02-23 20:00:00,71.39789017852218
2023-02-23 21:00:00,65.77304162718534
2023-02-23 22:00:00,81.73247404674461
2023-02-23 23:00:00,89.3917763774675
2023-02-24 00:00:00,82.37262424232813
2023-02-24 01:00:00,92.0436317081831
2023-02-24 02:00:00,94.32436857658143
2023-02-24 03:00:00,99.37825755075468
2023-02-24 04:00:00,107.61587823798598
2023-02-24 05:00:00,98.90349870295509
2023-02-24 06:00:00,113.07135219178532
2023-02-24 07:00:00,113.0947848275659
2023-02-24 08:00:00,106.09295716369257
2023-02-24 09:00:00,91.80147097487593
2023-02-24 10:00:00,95.12959860773674
2023-02-24 11:00:00,101.51522584023192
2023-02-24 12:00:00,76.36074947453854
2023-02-24 13:00:00,83.42674377409186
2023-02-24 14:00:00,74.54426804980264
2023-02-24 15:00:00,80.44188258110974
2023-02-24 16:00:00,69.99518467715245
2023-02-24 17:00:00,73.53563101919688
2023-02-24 18:00:00,73.81761341682127
2023-02-24 19:00:00,81.02145873782243
2023-02-24 20:00:00,73.00452816808972
2023-02-24 21:00:00,79.27084423209983
2023-02-24 22:00:00,74.31233486120271
2023-02-24 23:00:00,92.72970911675162
2023-02-25 00:00:00,88.37914093496184
2023-02-25 01:00:00,94.79289285015633
2023-02-25 02:00:00,102.5582423074561
2023-02-25 03:00:00,99.25664608516585
2023-02-25 04:00:00,111.6626308426241
2023-02-25 05:00:00,117.63297377762518
2023-02-25 06:00:00,115.22977109889909
2023-02-25 07:00:00,105.43582684915266
2023-02-25 08:00:00,111.06826102340408
2023-02-25 09:00:00,112.53195937347543
2023-02-25 10:00:00,95.61005617017082
2023-02-25 11:00:00,95.12986455023247
2023-02-25 12:00:00,100.04388062923202
2023-02-25 13:00:00,92.17517602573848
2023-02-25 14:00:00,88.4064476669705
2023-02-25 15:00:00,91.8525477948344
2023-02-25 16:00:00,82.07470407273289
2023-02-25 17:00:00,81.38273307535938
2023-02-25 18:00:00,91.32851829652847
2023-02-25 19:00:00,77.75334461213707
2023-02-25 20:00:00,77.19965544445652
2023-02-25 21:00:00,86.8772016064719
2023-02-25 22:00:00,91.44765421107961
2023-02-25 23:00:00,91.81613019545479
2023-02-26 00:00:00,94.83801490222548
2023-02-26 01:00:00,117.0995149552628
2023-02-26 02:00:00,112.38151828780438
2023-02-26 03:00:00,111.60035347775383
2023-02-26 04:00:00,123.39058224884812
2023-02-26 05:00:00,120.63190683960369
2023-02-26 06:00:00,120.96080210797402
2023-02-26 07:00:00,124.71807133637901
2023-02-26 08:00:00,113.80864847863941
2023-02-26 09:00:00,119.2080622628691
2023-02-26 10:00:00,123.21818428232339
2023-02-26 11:00:00,111.5061894562339
2023-02-26 12:00:00,102.45777687225869
2023-02-26 13:00:00,96.96077897853927
2023-02-26 14:00:00,92.9483001332746
2023-02-26 15:00:00,89.90837175118428
2023-02-26 16:00:00,86.423659841156
2023-02-26 17:00:00,91.20124253532641
2023-02-26 18:00:00,77.56885250254236
2023-02-26 19:00:00,91.51435783906044
2023-02-26 20:00:00,87.58278667630687
2023-02-26 21:00:00,94.8136711166113
2023-02-26 22:00:00,91.695579167294
2023-02-26 23:00:00,109.04649166365041
2023-02-27 00:00:00,114.04648962553894
2023-02-27 01:00:00,118.02031132846805
2023-02-27 02:00:00,110.68861386419192
2023-02-27 03:00:00,126.75498297134392
2023-02-27 04:00:00,128.00503755171172
2023-02-27 05:00:00,120.13331422516433
2023-02-27 06:00:00,128.8882017601701
2023-02-27 07:00:00,130.30681152964758
2023-02-27 08:00:00,129.4096219312468
2023-02-27 09:00:00,124.46727576155911
2023-02-27 10:00:00,121.01188514209937
2023-02-27 11:00:00,122.20369612620652
2023-02-27 12:00:00,115.87944867137143
2023-02-27 13:00:00,90.31400906136948
2023-02-27 14:00:00,98.30111548806337
2023-02-27 15:00:00,94.97173133748122
2023-02-27 16:00:00,83.8910370324883
2023-02-27 17:00:00,91.14540581326419
2023-02-27 18:00:00,96.24378886205253
2023-02-27 19:00:00,85.24165122414945
2023-02-27 20:00:00,94.33353458957261
2023-02-27 21:00:00,91.21586908871893
2023-02-27 22:00:00,96.52874814385261
2023-02-27 23:00:00,112.03625200113248
2023-02-28 00:00:00,107.03649002125798
2023-02-28 01:00:00,117.14670160999438
2023-02-28 02:00:00,110.19963747755676
2023-02-28 03:00:00,132.8925567337886
2023-02-28 04:00:00,129.6425077936631
2023-02-28 05:00:00,127.5716398712295
2023-02-28 06:00:00,131.8874212290237
2023-02-28 07:00:00,121.11057331608839
2023-02-28 08:00:00,131.8934158222969
2023-02-28 09:00:00,120.98945373853216
2023-02-28 10:00:00,117.24204016791727
2023-02-28 11:00:00,110.76408062489011
2023-02-28 12:00:00,104.91505781095258
2023-02-28 13:00:00,105.87668938754616
2023-02-28 14:00:00,98.6100529688203
2023-02-28 15:00:00,96.18767289514952
2023-02-28 16:00:00,89.43724585459294
2023-02-28 17:00:00,89.7703566423859
2023-02-28 18:00:00,84.14065429896213
2023-02-28 19:00:00,97.76834453700108
2023-02-28 20:00:00,80.47304042279497
2023-02-28 21:00:00,97.48287175923745
2023-02-28 22:00:00,101.83953725360426
2023-02-28 23:00:00,95.23551135085165
2023-03-01 00:00:00,115.4852054439561
2023-03-01 01:00:00,114.15275255997422
2023-03-01 02:00:00,118.50910527777846
2023-03-01 03:00:00,117.58503717841207
2023-03-01 04:00:00,119.18192902870403
2023-03-01 05:00:00,120.85966284160865
2023-03-01 06:00:00,124.17786232116076
2023-03-01 07:00:00,128.1835639725801
2023-03-01 08:00:00,119.71750182675768
2023-03-01 09:00:00,110.70456226907848
2023-03-01 10:00:00,114.86943624778905
2023-03-01 11:00:00,110.15604657678728
2023-03-01 12:00:00,103.27329764223964
2023-03-01 13:00:00,98.17720168781173
2023-03-01 14:00:00,87.89805841334599
2023-03-01 15:00:00,80.0932737795832
2023-03-01 16:00:00,76.84810210934556
2023-03-01 17:00:00,70.64505116030047
2023-03-01 18:00:00,78.95953371816661
2023-03-01 19:00:00,77.67604910706056
2023-03-01 20:00:00,77.53200165755352
2023-03-01 21:00:00,67.7769796349919
2023-03-01 22:00:00,80.1100024078651
2023-03-01 23:00:00,96.42890211176706
